prompt,response
What courses are available on your platform?,"We offer a wide range of courses including Data Science, Web Development, Digital Marketing, Business Management, and more."
Are your courses self-paced?,"Yes, most of our courses are self-paced, allowing you to learn at your own convenience."
Do you provide certificates after course completion?,"Yes, all our courses come with a certificate of completion that you can share on LinkedIn or your resume."
What is the cost of enrolling in a course?,Our courses range from free to premium options depending on the depth and instructor. You can find pricing details on each course page.
Can I get a refund if I don't like the course?,"Yes, we have a 7-day no-questions-asked refund policy for all our paid courses."
Do I need any prerequisites to join the courses?,"Most beginner courses do not require prior knowledge. However, advanced courses may have prerequisites mentioned in the course description."
How can I interact with instructors?,"You can ask questions in the course forums, join live sessions, or message instructors directly if enabled."
Are your courses mobile-friendly?,"Absolutely, our platform is fully responsive and optimized for all devices including smartphones and tablets."
Do you offer group or enterprise training?,"Yes, we provide group and enterprise training solutions. Please contact our sales team for custom pricing and setup."
What support options are available for learners?,"We offer 24/7 email support, live chat during business hours, and an active community forum."
